Active Component Density,Active Component Formation Energy,Active Component Content,Promoter Density,Promoter Formation Energy,Promoter Content,Support A Density,Support A Formation Energy,Support A Content,Support B Density,Support B Formation Energy,Preparation Scalability,Preparation Cost,Calcination Temperature (℃),Calcination Time (hours),Reduction Temperature (℃),Reduction Pressure (bar),Reduction Time (hours),Process Temperature (℃),Process Pressure (bar),WHSV (mgcat/(min·ml)),Content of Inert Components (vol%),H2CO2 Ratio (molmol),CO2 Conversion Ratio Actual,CH4 Selectivity Actual,CH4 Yield Actual
9.22,0.046,4,0,0,0,3.87,-3.352,90,0,0,4,2,500,3,500,1,2,200,1,6.67,0,4,1.32,87.004,1.148
9.22,0.046,10,0,0,0,3.87,-3.352,90,0,0,4,2,500,3,500,1,2,250,1,6.67,0,4,3.098,88.866,2.753
9.22,0.046,10,0,0,0,3.87,-3.352,90,0,0,4,2,500,3,500,1,2,300,1,6.67,0,4,12.633,88.704,11.206
9.22,0.046,10,0,0,0,3.87,-3.352,90,0,0,4,2,500,3,500,1,2,350,1,6.67,0,4,39.461,88.543,34.94
9.22,0.046,10,0,0,0,3.87,-3.352,90,0,0,4,2,500,3,500,1,2,400,1,6.67,0,4,62.896,89.757,56.454
9.22,0.046,10,0,0,0,3.87,-3.352,90,0,0,4,2,500,3,500,1,2,450,1,6.67,0,4,67.744,90.972,61.628
9.22,0.046,10,0,0,0,3.87,-3.352,90,0,0,4,2,500,3,500,1,2,500,1,6.67,0,4,66.613,86.761,57.794
9.2,0.025,10,0,0,0,3.87,-3.352,90,0,0,4,2,500,3,500,1,2,200,1,6.67,0,4,1.966,77.392,1.522
9.2,0.025,10,0,0,0,3.87,-3.352,90,0,0,4,2,500,3,500,1,2,250,1,6.67,0,4,4.714,77.776,3.666
9.2,0.025,10,0,0,0,3.87,-3.352,90,0,0,4,2,500,3,500,1,2,300,1,6.67,0,4,19.259,78.806,15.177
9.2,0.025,10,0,0,0,3.87,-3.352,90,0,0,4,2,500,3,500,1,2,350,1,6.67,0,4,37.684,78.462,29.568
9.2,0.025,10,0,0,0,3.87,-3.352,90,0,0,4,2,500,3,500,1,2,400,1,6.67,0,4,50.128,79.007,39.605
9.2,0.025,10,0,0,0,3.87,-3.352,90,0,0,4,2,500,3,500,1,2,450,1,6.67,0,4,57.724,78.341,45.222
9.2,0.025,10,0,0,0,3.87,-3.352,90,0,0,4,2,500,3,500,1,2,500,1,6.67,0,4,60.148,76.221,45.845
9.22,0.046,5,0.025,9.2,5,3.87,-3.352,90,0,0,4,2,500,3,500,1,2,200,1,6.67,0,4,1.155,70.044,0.809
9.22,0.046,5,0.025,9.2,5,3.87,-3.352,90,0,0,4,2,500,3,500,1,2,250,1,6.67,0,4,2.888,68.166,1.969
9.22,0.046,5,0.025,9.2,5,3.87,-3.352,90,0,0,4,2,500,3,500,1,2,300,1,6.67,0,4,2.022,68.388,1.383
9.22,0.046,5,0.025,9.2,5,3.87,-3.352,90,0,0,4,2,500,3,500,1,2,350,1,6.67,0,4,1.502,68.368,1.027
9.22,0.046,5,0.025,9.2,5,3.87,-3.352,90,0,0,4,2,500,3,500,1,2,400,1,6.67,0,4,3.928,70.528,2.77
9.22,0.046,5,0.025,9.2,5,3.87,-3.352,90,0,0,4,2,500,3,500,1,2,450,1,6.67,0,4,6.874,70.266,4.83
9.22,0.046,5,0.025,9.2,5,3.87,-3.352,90,0,0,4,2,500,3,500,1,2,500,1,6.67,0,4,11.726,69.195,8.114
9.22,0.046,10,0.025,9.2,10,3.87,-3.352,80,0,0,4,2,500,3,500,1,2,200,1,6.67,0,4,1.966,88.375,1.737
9.22,0.046,10,0.025,9.2,10,3.87,-3.352,80,0,0,4,2,500,3,500,1,2,250,1,6.67,0,4,4.552,88.435,4.026
9.22,0.046,10,0.025,9.2,10,3.87,-3.352,80,0,0,4,2,500,3,500,1,2,300,1,6.67,0,4,15.057,88.334,13.3
9.22,0.046,10,0.025,9.2,10,3.87,-3.352,80,0,0,4,2,500,3,500,1,2,350,1,6.67,0,4,43.502,88.314,38.418
9.22,0.046,10,0.025,9.2,10,3.87,-3.352,80,0,0,4,2,500,3,500,1,2,400,1,6.67,0,4,61.279,89.748,54.997
9.22,0.046,10,0.025,9.2,10,3.87,-3.352,80,0,0,4,2,500,3,500,1,2,450,1,6.67,0,4,67.744,90.696,61.441
9.22,0.046,10,0.025,9.2,10,3.87,-3.352,80,0,0,4,2,500,3,500,1,2,500,1,6.67,0,4,68.067,85.831,58.423
9.22,0.046,10,0.025,9.2,5,3.87,-3.352,85,0,0,4,2,500,3,500,1,2,200,1,6.67,0,4,1.643,89.667,1.473
9.22,0.046,10,0.025,9.2,5,3.87,-3.352,85,0,0,4,2,500,3,500,1,2,250,1,6.67,0,4,4.391,89.646,3.936
9.22,0.046,10,0.025,9.2,5,3.87,-3.352,85,0,0,4,2,500,3,500,1,2,300,1,6.67,0,4,18.128,89.788,16.277
9.22,0.046,10,0.025,9.2,5,3.87,-3.352,85,0,0,4,2,500,3,500,1,2,350,1,6.67,0,4,49.966,89.768,44.853
9.22,0.046,10,0.025,9.2,5,3.87,-3.352,85,0,0,4,2,500,3,500,1,2,400,1,6.67,0,4,64.35,89.748,57.753
9.22,0.046,10,0.025,9.2,5,3.87,-3.352,85,0,0,4,2,500,3,500,1,2,450,1,6.67,0,4,69.037,90.858,62.726
9.22,0.046,10,0.025,9.2,5,3.87,-3.352,85,0,0,4,2,500,3,500,1,2,500,1,6.67,0,4,66.936,86.8,58.1
9.22,0.046,5,0.025,9.2,10,3.87,-3.352,80,0,0,4,2,500,3,500,1,2,200,1,6.67,0,4,1.481,74.969,1.11
9.22,0.046,5,0.025,9.2,10,3.87,-3.352,80,0,0,4,2,500,3,500,1,2,250,1,6.67,0,4,3.259,75.919,2.474
9.22,0.046,5,0.025,9.2,10,3.87,-3.352,80,0,0,4,2,500,3,500,1,2,300,1,6.67,0,4,13.118,75.737,9.935
9.22,0.046,5,0.025,9.2,10,3.87,-3.352,80,0,0,4,2,500,3,500,1,2,350,1,6.67,0,4,35.582,75.716,26.941
9.22,0.046,5,0.025,9.2,10,3.87,-3.352,80,0,0,4,2,500,3,500,1,2,400,1,6.67,0,4,52.067,76.665,39.917
9.22,0.046,5,0.025,9.2,10,3.87,-3.352,80,0,0,4,2,500,3,500,1,2,450,1,6.67,0,4,59.34,74.868,44.427
9.22,0.046,5,0.025,9.2,10,3.87,-3.352,80,0,0,4,2,500,3,500,1,2,500,1,6.67,0,4,65.805,74.606,49.094
9.22,0.046,15,0.025,9.2,5,3.87,-3.352,80,0,0,4,2,500,3,500,1,2,200,1,6.67,0,4,2.128,89.182,1.898
9.22,0.046,15,0.025,9.2,5,3.87,-3.352,80,0,0,4,2,500,3,500,1,2,250,1,6.67,0,4,7.138,89.324,6.376
9.22,0.046,15,0.025,9.2,5,3.87,-3.352,80,0,0,4,2,500,3,500,1,2,300,1,6.67,0,4,31.38,90.515,28.404
9.22,0.046,15,0.025,9.2,5,3.87,-3.352,80,0,0,4,2,500,3,500,1,2,350,1,6.67,0,4,62.572,95.259,59.605
9.22,0.046,15,0.025,9.2,5,3.87,-3.352,80,0,0,4,2,500,3,500,1,2,400,1,6.67,0,4,72.269,96.531,69.762
9.22,0.046,15,0.025,9.2,5,3.87,-3.352,80,0,0,4,2,500,3,500,1,2,450,1,6.67,0,4,71.785,93.926,67.425
9.22,0.046,15,0.025,9.2,5,3.87,-3.352,80,0,0,4,2,500,3,500,1,2,500,1,6.67,0,4,68.552,86.638,59.392
9.22,0.046,5,0.025,9.2,15,3.87,-3.352,80,0,0,4,2,500,3,500,1,2,200,1,6.67,0,4,1.158,72.386,0.838
9.22,0.046,5,0.025,9.2,15,3.87,-3.352,80,0,0,4,2,500,3,500,1,2,250,1,6.67,0,4,0.997,70.427,0.702
9.22,0.046,5,0.025,9.2,15,3.87,-3.352,80,0,0,4,2,500,3,500,1,2,300,1,6.67,0,4,1.805,71.699,1.294
9.22,0.046,5,0.025,9.2,15,3.87,-3.352,80,0,0,4,2,500,3,500,1,2,350,1,6.67,0,4,4.391,72.002,3.162
9.22,0.046,5,0.025,9.2,15,3.87,-3.352,80,0,0,4,2,500,3,500,1,2,400,1,6.67,0,4,11.825,70.367,8.321
9.22,0.046,5,0.025,9.2,15,3.87,-3.352,80,0,0,4,2,500,3,500,1,2,450,1,6.67,0,4,22.33,69.054,15.42
9.22,0.046,5,0.025,9.2,15,3.87,-3.352,80,0,0,4,2,500,3,500,1,2,500,1,6.67,0,4,35.906,68.711,24.671
9.22,0.046,20,0,0,0,3.87,-3.352,80,0,0,4,2,500,3,500,1,2,200,1,6.67,0,4,2.774,92.17,2.557
9.22,0.046,20,0,0,0,3.87,-3.352,80,0,0,4,2,500,3,500,1,2,250,1,6.67,0,4,8.108,92.392,7.491
9.22,0.046,20,0,0,0,3.87,-3.352,80,0,0,4,2,500,3,500,1,2,300,1,6.67,0,4,33.481,95.037,31.819
9.22,0.046,20,0,0,0,3.87,-3.352,80,0,0,4,2,500,3,500,1,2,350,1,6.67,0,4,66.774,96.47,64.417
9.22,0.046,20,0,0,0,3.87,-3.352,80,0,0,4,2,500,3,500,1,2,400,1,6.67,0,4,73.077,96.531,70.542
9.22,0.046,20,0,0,0,3.87,-3.352,80,0,0,4,2,500,3,500,1,2,450,1,6.67,0,4,71.623,94.33,67.562
9.22,0.046,20,0,0,0,3.87,-3.352,80,0,0,4,2,500,3,500,1,2,500,1,6.67,0,4,68.552,89.384,61.275
9.22,0.046,5,0,0,0,3.87,-3.352,95,0,0,4,2,500,3,500,1,2,200,1,6.67,0,4,1.329,77.966,1.036
9.22,0.046,5,0,0,0,3.87,-3.352,95,0,0,4,2,500,3,500,1,2,250,1,6.67,0,4,1.502,79.186,1.189
9.22,0.046,5,0,0,0,3.87,-3.352,95,0,0,4,2,500,3,500,1,2,300,1,6.67,0,4,4.101,79.797,3.272
9.22,0.046,5,0,0,0,3.87,-3.352,95,0,0,4,2,500,3,500,1,2,350,1,6.67,0,4,12.072,80.814,9.756
9.22,0.046,5,0,0,0,3.87,-3.352,95,0,0,4,2,500,3,500,1,2,400,1,6.67,0,4,31.827,78.983,25.138
9.22,0.046,5,0,0,0,3.87,-3.352,95,0,0,4,2,500,3,500,1,2,450,1,6.67,0,4,53.314,80.203,42.759
9.22,0.046,5,0,0,0,3.87,-3.352,95,0,0,4,2,500,3,500,1,2,500,1,6.67,0,4,62.498,79.797,49.872
9.22,0.046,15,0,0,0,3.87,-3.352,85,0,0,4,2,500,3,500,1,2,200,1,6.67,0,4,2.022,93.22,1.885
9.22,0.046,15,0,0,0,3.87,-3.352,85,0,0,4,2,500,3,500,1,2,250,1,6.67,0,4,7.913,94.034,7.441
9.22,0.046,15,0,0,0,3.87,-3.352,85,0,0,4,2,500,3,500,1,2,300,1,6.67,0,4,36.852,95.051,35.028
9.22,0.046,15,0,0,0,3.87,-3.352,85,0,0,4,2,500,3,500,1,2,350,1,6.67,0,4,66.83,96.068,64.202
9.22,0.046,15,0,0,0,3.87,-3.352,85,0,0,4,2,500,3,500,1,2,400,1,6.67,0,4,75.148,96.881,72.804
9.22,0.046,15,0,0,0,3.87,-3.352,85,0,0,4,2,500,3,500,1,2,450,1,6.67,0,4,74.108,95.458,70.742
9.22,0.046,15,0,0,0,3.87,-3.352,85,0,0,4,2,500,3,500,1,2,500,1,6.67,0,4,70.296,90.169,63.385
9.22,0.046,15,0.025,9.2,15,3.87,-3.352,70,0,0,4,2,500,3,500,1,2,200,1,6.67,0,4,1.155,90.576,1.046
9.22,0.046,15,0.025,9.2,15,3.87,-3.352,70,0,0,4,2,500,3,500,1,2,250,1,6.67,0,4,7.047,92.814,6.541
9.22,0.046,15,0.025,9.2,15,3.87,-3.352,70,0,0,4,2,500,3,500,1,2,300,1,6.67,0,4,34.079,94.746,32.288
9.22,0.046,15,0.025,9.2,15,3.87,-3.352,70,0,0,4,2,500,3,500,1,2,350,1,6.67,0,4,63.365,96.169,60.937
9.22,0.046,15,0.025,9.2,15,3.87,-3.352,70,0,0,4,2,500,3,500,1,2,400,1,6.67,0,4,71.682,96.881,69.446
9.22,0.046,15,0.025,9.2,15,3.87,-3.352,70,0,0,4,2,500,3,500,1,2,450,1,6.67,0,4,70.296,95.559,67.174
9.22,0.046,15,0.025,9.2,15,3.87,-3.352,70,0,0,4,2,500,3,500,1,2,500,1,6.67,0,4,68.043,90.271,61.423
20.87,0.004,2,0,0,0,6.99,-3.755,98,0,0,5,1,500,4,500,1,2,340,20,0.5,4,3,3.195,8.077,0.258
20.87,0.004,2,0,0,0,6.99,-3.755,98,0,0,5,1,500,4,500,1,2,340,10,5,4,3,5.628,22.005,1.238
20.87,0.004,2,0,0,0,6.99,-3.755,98,0,0,5,1,500,4,500,1,2,340,30,5,4,3,18.483,45.082,8.333
20.87,0.004,2,0,0,0,6.99,-3.755,98,0,0,5,1,500,4,500,1,2,340,40,5,4,3,20.379,48.049,9.792
20.87,0.004,2,0,0,0,6.99,-3.755,98,0,0,5,1,500,4,500,1,2,340,20,3,4,3,63.06,63.312,39.925
20.87,0.004,2,0,0,0,6.99,-3.755,98,0,0,5,1,500,4,500,1,2,340,20,6,4,3,55.517,55.66,30.901
20.87,0.004,2,0,0,0,6.99,-3.755,98,0,0,5,1,500,4,500,1,2,340,20,9,4,3,52.953,53.393,28.273
20.87,0.004,2,0,0,0,6.99,-3.755,98,0,0,5,1,500,4,500,1,2,340,20,12,4,3,50.69,50.955,25.829
20.87,0.004,2,0,0,0,6.99,-3.755,98,0,0,5,1,500,4,500,1,2,340,20,24,4,3,43.901,44.211,19.409
20.87,0.004,2,0,0,0,6.99,-3.755,98,0,0,5,1,500,4,500,1,2,340,20,48,4,3,41.638,42.17,17.559
20.87,0.004,2,0,0,0,6.99,-3.755,98,0,0,5,1,500,4,500,1,2,340,20,72,4,3,33.491,33.895,11.352
12.32,0.131,2.25,0,0,0,3.86,-3.316,97.75,0,0,5,1,200,24,300,1,2,200,1,1,10,3.5,4.05,100,4.05
12.32,0.131,2.25,0,0,0,3.86,-3.316,97.75,0,0,5,1,300,24,300,1,2,200,1,1,10,3.5,6.3,100,6.3
12.32,0.131,2.25,0,0,0,3.86,-3.316,97.75,0,0,5,1,400,24,300,1,2,200,1,1,10,3.5,7.62,100,7.62
12.32,0.131,2.25,0,0,0,3.86,-3.316,97.75,0,0,5,1,500,24,300,1,2,200,1,1,10,3.5,26.93,100,26.93
12.32,0.131,2.25,0,0,0,3.86,-3.316,97.75,0,0,5,1,200,24,450,1,2,200,1,1,10,3.5,6.97,100,6.97
12.32,0.131,2.25,0,0,0,3.86,-3.316,97.75,0,0,5,1,200,24,600,1,2,200,1,1,10,3.5,12.15,100,12.15
12.32,0.131,2.25,0,0,0,3.86,-3.316,97.75,0,0,5,1,300,24,450,1,2,200,1,1,10,3.5,7.44,100,7.44
12.32,0.131,2.25,0,0,0,3.86,-3.316,97.75,0,0,5,1,300,24,600,1,2,200,1,1,10,3.5,8.55,100,8.55
9.22,0.046,10,0,0,0,6.99,-3.755,90,0,0,5,1,500,3,500,1,1,250,1,1.1,20,4,7.074,97.087,6.868
9.22,0.046,10,0,0,0,6.99,-3.755,90,0,0,5,1,500,3,500,1,1,255,1,1.1,20,4,9.968,97.6977,9.739
9.22,0.046,10,0,0,0,6.99,-3.755,90,0,0,5,1,500,3,500,1,1,260,1,1.1,20,4,12.219,97.846,11.956
9.22,0.046,10,0,0,0,6.99,-3.755,90,0,0,5,1,500,3,500,1,1,275,1,1.1,20,4,35.37,98.668,34.899
9.22,0.046,10,0,0,0,6.99,-3.755,90,0,0,5,1,500,3,500,1,1,300,1,1.1,20,4,73.955,99.008,73.221
9.22,0.046,10,0,0,0,6.99,-3.755,90,0,0,5,1,500,3,500,1,1,325,1,1.1,20,4,80.064,99.093,79.338
9.22,0.046,10,0,0,0,6.99,-3.755,90,0,0,5,1,500,3,500,1,1,350,1,1.1,20,4,81.029,99.016,80.232
9.22,0.046,10,0,0,0,6.99,-3.755,90,0,0,5,1,25,0,500,1,1,250,1,1.1,20,4,30.547,99.168,30.293
9.22,0.046,10,0,0,0,6.99,-3.755,90,0,0,5,1,25,0,500,1,1,255,1,1.1,20,4,67.845,99.426,67.456
9.22,0.046,10,0,0,0,6.99,-3.755,90,0,0,5,1,25,0,500,1,1,260,1,1.1,20,4,76.206,99.507,75.83
9.22,0.046,10,0,0,0,6.99,-3.755,90,0,0,5,1,25,0,500,1,1,275,1,1.1,20,4,84.887,99.577,84.528
9.22,0.046,10,0,0,0,6.99,-3.755,90,0,0,5,1,25,0,500,1,1,300,1,1.1,20,4,85.209,99.553,84.828
9.22,0.046,10,0,0,0,6.99,-3.755,90,0,0,5,1,25,0,500,1,1,325,1,1.1,20,4,85.852,99.491,85.415
9.22,0.046,10,0,0,0,6.99,-3.755,90,0,0,5,1,25,0,500,1,1,350,1,1.1,20,4,84.566,99.362,84.026
6.76,-1.218,30,0,0,0,6.99,-3.755,70,0,0,4,3,450,4,450,1,2,200,1,2,25,4,2.944,97.28,2.864
6.76,-1.218,30,0,0,0,6.99,-3.755,70,0,0,4,3,450,4,450,1,2,250,1,2,25,4,18.961,98.4,18.658
6.76,-1.218,30,0,0,0,6.99,-3.755,70,0,0,4,3,450,4,450,1,2,300,1,2,25,4,57.922,99.04,57.366
6.76,-1.218,30,0,0,0,6.99,-3.755,70,0,0,4,3,450,4,450,1,2,350,1,2,25,4,68.744,98.72,67.864
6.76,-1.218,30,0,0,0,6.99,-3.755,70,0,0,4,3,450,4,450,1,2,400,1,2,25,4,68.744,97.6,67.094
6.76,-1.218,30,-3.905,5.03,30,6.99,-3.755,40,0,0,4,3,450,4,450,1,2,200,1,2,25,4,3.81,98.72,3.761
6.76,-1.218,30,-3.905,5.03,30,6.99,-3.755,40,0,0,4,3,450,4,450,1,2,250,1,2,25,4,41.039,99.46,40.817
6.76,-1.218,30,-3.905,5.03,30,6.99,-3.755,40,0,0,4,3,450,4,450,1,2,300,1,2,25,4,70.476,99.36,70.025
6.76,-1.218,30,-3.905,5.03,30,6.99,-3.755,40,0,0,4,3,450,4,450,1,2,350,1,2,25,4,77.402,99.332,76.885
6.76,-1.218,30,-3.905,5.03,30,6.99,-3.755,40,0,0,4,3,450,4,450,1,2,400,1,2,25,4,75.238,98.677,74.243
6.76,-1.218,30,0,0,0,5.03,-3.905,70,0,0,4,3,450,4,450,1,2,200,1,2,25,4,1.645,94.252,1.55
6.76,-1.218,30,0,0,0,5.03,-3.905,70,0,0,4,3,450,4,450,1,2,250,1,2,25,4,12.9,96.71,12.476
6.76,-1.218,30,0,0,0,5.03,-3.905,70,0,0,4,3,450,4,450,1,2,300,1,2,25,4,51,98.267,50.116
6.76,-1.218,30,0,0,0,5.03,-3.905,70,0,0,4,3,450,4,450,1,2,350,1,2,25,4,59.654,99.004,59.06
6.76,-1.218,30,0,0,0,5.03,-3.905,70,0,0,4,3,450,4,450,1,2,400,1,2,25,4,63.117,96.956,61.196
3.2926,-2.080852,10,0,0,0,2.63,-3.04,90,0,0,4,3,450,5,450,1.6,2,250,20,3,0.8,4.167,23.602,99.52,23.489
3.2926,-2.080852,10,0,0,0,2.63,-3.04,90,0,0,4,3,450,5,450,1.6,2,270,20,3,0.8,4.167,45.859,99.673,45.709
3.2926,-2.080852,10,0,0,0,2.63,-3.04,90,0,0,4,3,450,5,450,1.6,2,290,20,3,0.8,4.167,74.327,99.696,74.101
3.2926,-2.080852,10,0,0,0,2.63,-3.04,90,0,0,4,3,450,5,450,1.6,2,310,20,3,0.8,4.167,89.337,99.766,89.128
3.2926,-2.080852,10,0,0,0,2.63,-3.04,90,0,0,4,3,450,5,450,1.6,2,330,20,3,0.8,4.167,93.478,99.757,93.251
3.2926,-2.080852,10,0,0,0,2.63,-3.04,90,0,0,4,3,450,5,450,1.6,2,350,20,3,0.8,4.167,94.772,99.787,94.57
3.2926,-2.080852,10,0,0,0,2.63,-3.04,90,0,0,4,3,450,5,450,1.6,2,370,20,3,0.8,4.167,95.807,99.973,95.781
3.2926,-2.080852,10,0,0,0,2.63,-3.04,90,0,0,4,3,450,5,450,1.6,2,390,20,3,0.8,4.167,96.583,99.972,96.556
9.22,0.046,10,0,0,0,6.99,-3.755,90,0,0,5,1,400,6,500,1,1,200,1,2.4,50,4,0.224,99.987,0.224
9.22,0.046,10,0,0,0,6.99,-3.755,90,0,0,5,1,400,6,500,1,1,250,1,2.4,50,4,1.121,99.841,1.119
9.22,0.046,10,0,0,0,6.99,-3.755,90,0,0,5,1,400,6,500,1,1,300,1,2.4,50,4,9.417,99.869,9.405
9.22,0.046,10,0,0,0,6.99,-3.755,90,0,0,5,1,400,6,500,1,1,350,1,2.4,50,4,39.462,99.852,39.404
9.22,0.046,10,0,0,0,6.99,-3.755,90,0,0,5,1,400,6,500,1,1,400,1,2.4,50,4,47.309,99.976,47.298
9.22,0.046,10,0,0,0,6.99,-3.755,90,0,0,5,1,400,6,500,1,1,450,1,2.4,50,4,48.655,98.697,48.021
9.22,0.046,10,0,0,0,6.99,-3.755,90,0,0,5,1,400,6,500,1,1,500,1,2.4,50,4,48.655,93.463,45.474
9.22,0.046,10,0,0,0,6.99,-3.755,88,-3.753,7.08,5,1,400,6,500,1,1,200,1,2.4,50,4,0.224,99.833,0.224
9.22,0.046,10,0,0,0,6.99,-3.755,88,-3.753,7.08,5,1,400,6,500,1,1,250,1,2.4,50,4,2.242,99.801,2.238
9.22,0.046,10,0,0,0,6.99,-3.755,88,-3.753,7.08,5,1,400,6,500,1,1,300,1,2.4,50,4,18.61,99.993,18.609
9.22,0.046,10,0,0,0,6.99,-3.755,88,-3.753,7.08,5,1,400,6,500,1,1,350,1,2.4,50,4,45.067,99.952,45.045
9.22,0.046,10,0,0,0,6.99,-3.755,88,-3.753,7.08,5,1,400,6,500,1,1,400,1,2.4,50,4,52.466,99.938,52.433
9.22,0.046,10,0,0,0,6.99,-3.755,88,-3.753,7.08,5,1,400,6,500,1,1,450,1,2.4,50,4,52.69,99.312,52.327
9.22,0.046,10,0,0,0,6.99,-3.755,88,-3.753,7.08,5,1,400,6,500,1,1,500,1,2.4,50,4,50.224,94.016,47.219
9.22,0.046,10,0,0,0,6.99,-3.755,87,-3.603,6.9,5,1,400,6,500,1,1,200,1,2.4,50,4,0.224,99.895,0.224
9.22,0.046,10,0,0,0,6.99,-3.755,87,-3.603,6.9,5,1,400,6,500,1,1,250,1,2.4,50,4,0.672,99.889,0.671
9.22,0.046,10,0,0,0,6.99,-3.755,87,-3.603,6.9,5,1,400,6,500,1,1,300,1,2.4,50,4,24.215,99.879,24.186
9.22,0.046,10,0,0,0,6.99,-3.755,87,-3.603,6.9,5,1,400,6,500,1,1,350,1,2.4,50,4,54.484,99.897,54.428
9.22,0.046,10,0,0,0,6.99,-3.755,87,-3.603,6.9,5,1,400,6,500,1,1,400,1,2.4,50,4,58.52,99.859,58.437
9.22,0.046,10,0,0,0,6.99,-3.755,87,-3.603,6.9,5,1,400,6,500,1,1,450,1,2.4,50,4,56.951,99.902,56.895
9.22,0.046,10,0,0,0,6.99,-3.755,87,-3.603,6.9,5,1,400,6,500,1,1,500,1,2.4,50,4,52.466,97.352,51.077
9.22,0.046,10,0,0,0,6.99,-3.755,86,-2.995,3.63,5,1,400,6,500,1,1,200,1,2.4,50,4,0.224,99.815,0.224
9.22,0.046,10,0,0,0,6.99,-3.755,86,-2.995,3.63,5,1,400,6,500,1,1,250,1,2.4,50,4,0.448,99.854,0.447
9.22,0.046,10,0,0,0,6.99,-3.755,86,-2.995,3.63,5,1,400,6,500,1,1,300,1,2.4,50,4,15.247,99.899,15.232
9.22,0.046,10,0,0,0,6.99,-3.755,86,-2.995,3.63,5,1,400,6,500,1,1,350,1,2.4,50,4,43.273,99.868,43.216
9.22,0.046,10,0,0,0,6.99,-3.755,86,-2.995,3.63,5,1,400,6,500,1,1,400,1,2.4,50,4,51.793,99.877,51.729
9.22,0.046,10,0,0,0,6.99,-3.755,86,-2.995,3.63,5,1,400,6,500,1,1,450,1,2.4,50,4,51.793,99.881,51.731
9.22,0.046,10,0,0,0,6.99,-3.755,86,-2.995,3.63,5,1,400,6,500,1,1,500,1,2.4,50,4,49.551,94.899,47.023
9.22,0.046,5,0,0,0,6.99,-3.755,95,0,0,5,1,500,4,500,1,1,200,1,1.667,0,4,2.295,93.134,2.137
9.22,0.046,5,0,0,0,6.99,-3.755,95,0,0,5,1,500,4,500,1,1,212,1,1.667,0,4,4.59,93.319,4.283
9.22,0.046,5,0,0,0,6.99,-3.755,95,0,0,5,1,500,4,500,1,1,225,1,1.667,0,4,8.197,93.324,7.65
9.22,0.046,5,0,0,0,6.99,-3.755,95,0,0,5,1,500,4,500,1,1,238,1,1.667,0,4,15.082,93.237,14.062
9.22,0.046,5,0,0,0,6.99,-3.755,95,0,0,5,1,500,4,500,1,1,250,1,1.667,0,4,35.41,92.977,32.923
9.22,0.046,5,0,0,0,6.99,-3.755,95,0,0,5,1,500,4,500,1,1,275,1,1.667,0,4,66.885,92.044,61.564
9.22,0.046,5,0,0,0,6.99,-3.755,95,0,0,5,1,500,4,500,1,1,300,1,1.667,0,4,70.82,91.826,65.031
9.22,0.046,5,0,0,0,3.86,-3.316,95,0,0,5,1,500,4,500,1,1,200,1,1.667,0,4,1.01,93.839,0.948
9.22,0.046,5,0,0,0,3.86,-3.316,95,0,0,5,1,500,4,500,1,1,250,1,1.667,0,4,3.367,93.802,3.158
9.22,0.046,5,0,0,0,3.86,-3.316,95,0,0,5,1,500,4,500,1,1,275,1,1.667,0,4,7.07,93.82,6.633
9.22,0.046,5,0,0,0,3.86,-3.316,95,0,0,5,1,500,4,500,1,1,300,1,1.667,0,4,14.815,92.884,13.761
9.22,0.046,5,0,0,0,3.86,-3.316,95,0,0,5,1,500,4,500,1,1,350,1,1.667,0,4,44.444,90.895,40.397
9.22,0.046,5,0,0,0,3.86,-3.316,95,0,0,5,1,500,4,500,1,1,400,1,1.667,0,4,57.912,87.882,50.894
9.22,0.046,5,0,0,0,6.04,-3.755,95,0,0,5,1,500,4,500,1,1,200,1,1.667,0,4,1.195,92.37,1.104
9.22,0.046,5,0,0,0,6.04,-3.755,95,0,0,5,1,500,4,500,1,1,250,1,1.667,0,4,2.39,93.658,2.238
9.22,0.046,5,0,0,0,6.04,-3.755,95,0,0,5,1,500,4,500,1,1,275,1,1.667,0,4,3.984,93.696,3.733
9.22,0.046,5,0,0,0,6.04,-3.755,95,0,0,5,1,500,4,500,1,1,300,1,1.667,0,4,7.171,91.329,6.549
9.22,0.046,5,0,0,0,6.04,-3.755,95,0,0,5,1,500,4,500,1,1,350,1,1.667,0,4,14.741,89.595,13.207
9.22,0.046,5,0,0,0,6.04,-3.755,95,0,0,5,1,500,4,500,1,1,400,1,1.667,0,4,23.108,88.076,20.353
9.22,0.046,10,0,0,0,1.97,-3.02,90,0,0,5,1,500,6,800,1,1,200,1,2,0,4,0.317,100,0.317
9.22,0.046,10,0,0,0,1.97,-3.02,90,0,0,5,1,500,6,800,1,1,225,1,2,0,4,0.635,99.657,0.633
9.22,0.046,10,0,0,0,1.97,-3.02,90,0,0,5,1,500,6,800,1,1,250,1,2,0,4,1.905,91.76,1.748
9.22,0.046,10,0,0,0,1.97,-3.02,90,0,0,5,1,500,6,800,1,1,275,1,2,0,4,5.079,91.073,4.626
9.22,0.046,10,0,0,0,1.97,-3.02,90,0,0,5,1,500,6,800,1,1,300,1,2,0,4,12.063,88.841,10.717
9.22,0.046,10,0,0,0,1.97,-3.02,90,0,0,5,1,500,6,800,1,1,325,1,2,0,4,22.54,87.401,19.7
9.22,0.046,10,0,0,0,1.97,-3.02,90,0,0,5,1,500,6,800,1,1,350,1,2,0,4,36.19,86.438,31.282
9.22,0.046,10,0,0,0,1.97,-3.02,90,0,0,5,1,500,6,800,1,1,400,1,2,0,4,55.238,88.155,48.695
9.22,0.046,10,0,0,0,1.97,-3.02,90,0,0,3,2,500,6,800,1,1,200,1,2,0,4,0.635,100,0.635
9.22,0.046,10,0,0,0,1.97,-3.02,90,0,0,3,2,500,6,800,1,1,225,1,2,0,4,3.175,99.828,3.169
9.22,0.046,10,0,0,0,1.97,-3.02,90,0,0,3,2,500,6,800,1,1,250,1,2,0,4,8.254,98.627,8.141
9.22,0.046,10,0,0,0,1.97,-3.02,90,0,0,3,2,500,6,800,1,1,275,1,2,0,4,18.73,96.738,18.119
9.22,0.046,10,0,0,0,1.97,-3.02,90,0,0,3,2,500,6,800,1,1,300,1,2,0,4,38.413,95.88,36.83
9.22,0.046,10,0,0,0,1.97,-3.02,90,0,0,3,2,500,6,800,1,1,325,1,2,0,4,57.778,96.567,55.794
9.22,0.046,10,0,0,0,1.97,-3.02,90,0,0,3,2,500,6,800,1,1,350,1,2,0,4,69.206,97.768,67.661
9.22,0.046,10,0,0,0,1.97,-3.02,90,0,0,3,2,500,6,800,1,1,400,1,2,0,4,73.651,97.94,72.134
9.22,0.046,10,0.04,1.81,3,1.97,-3.02,87,0,0,3,2,500,6,800,1,1,200,1,2,0,4,1.27,100,1.27
9.22,0.046,10,0.04,1.81,3,1.97,-3.02,87,0,0,3,2,500,6,800,1,1,225,1,2,0,4,5.079,99.657,5.062
9.22,0.046,10,0.04,1.81,3,1.97,-3.02,87,0,0,3,2,500,6,800,1,1,250,1,2,0,4,11.429,98.321,11.237
9.22,0.046,10,0.04,1.81,3,1.97,-3.02,87,0,0,3,2,500,6,800,1,1,275,1,2,0,4,23.492,97.253,22.847
9.22,0.046,10,0.04,1.81,3,1.97,-3.02,87,0,0,3,2,500,6,800,1,1,300,1,2,0,4,40.952,96.223,39.405
9.22,0.046,10,0.04,1.81,3,1.97,-3.02,87,0,0,3,2,500,6,800,1,1,325,1,2,0,4,56.19,96.395,54.164
9.22,0.046,10,0.04,1.81,3,1.97,-3.02,87,0,0,3,2,500,6,800,1,1,350,1,2,0,4,66.032,97.253,64.218
9.22,0.046,10,0.04,1.81,3,1.97,-3.02,87,0,0,3,2,500,6,800,1,1,400,1,2,0,4,71.746,97.082,69.652
9.22,0.046,10,0.04,1.81,5,1.97,-3.02,85,0,0,3,2,500,6,800,1,1,200,1,2,0,4,2.54,100,2.54
9.22,0.046,10,0.04,1.81,5,1.97,-3.02,85,0,0,3,2,500,6,800,1,1,225,1,2,0,4,6.984,100,6.984
9.22,0.046,10,0.04,1.81,5,1.97,-3.02,85,0,0,3,2,500,6,800,1,1,250,1,2,0,4,17.143,99.142,16.996
9.22,0.046,10,0.04,1.81,5,1.97,-3.02,85,0,0,3,2,500,6,800,1,1,275,1,2,0,4,33.016,97.425,32.166
9.22,0.046,10,0.04,1.81,5,1.97,-3.02,85,0,0,3,2,500,6,800,1,1,300,1,2,0,4,51.746,97.082,50.236
9.22,0.046,10,0.04,1.81,5,1.97,-3.02,85,0,0,3,2,500,6,800,1,1,325,1,2,0,4,64.762,97.768,63.317
9.22,0.046,10,0.04,1.81,5,1.97,-3.02,85,0,0,3,2,500,6,800,1,1,350,1,2,0,4,73.016,97.94,71.512
9.22,0.046,10,0.04,1.81,5,1.97,-3.02,85,0,0,3,2,500,6,800,1,1,400,1,2,0,4,74.921,97.524,73.066
9.22,0.046,10,0.04,1.81,7,1.97,-3.02,83,0,0,3,2,500,6,800,1,1,200,1,2,0,4,0.635,100,0.635
9.22,0.046,10,0.04,1.81,7,1.97,-3.02,83,0,0,3,2,500,6,800,1,1,225,1,2,0,4,4.127,100,4.127
9.22,0.046,10,0.04,1.81,7,1.97,-3.02,83,0,0,3,2,500,6,800,1,1,250,1,2,0,4,8.254,95.708,7.9
9.22,0.046,10,0.04,1.81,7,1.97,-3.02,83,0,0,3,2,500,6,800,1,1,275,1,2,0,4,16.508,92.79,15.318
9.22,0.046,10,0.04,1.81,7,1.97,-3.02,83,0,0,3,2,500,6,800,1,1,300,1,2,0,4,32.381,92.618,29.991
9.22,0.046,10,0.04,1.81,7,1.97,-3.02,83,0,0,3,2,500,6,800,1,1,325,1,2,0,4,50.794,94.163,47.829
9.22,0.046,10,0.04,1.81,7,1.97,-3.02,83,0,0,3,2,500,6,800,1,1,350,1,2,0,4,63.175,93.476,59.053
9.22,0.046,10,0.04,1.81,7,1.97,-3.02,83,0,0,3,2,500,6,800,1,1,400,1,2,0,4,73.016,94.335,68.88
9.22,0.046,20,0,0,0,6.99,-3.755,80,0,0,5,1,450,4,500,10,2,330,1,6,0,4,22.939,21.233,4.871
9.22,0.046,20,0,0,0,6.99,-3.755,80,0,0,5,1,450,4,500,10,2,350,1,6,0,4,30.466,44,13.405
9.22,0.046,20,0,0,0,6.99,-3.755,80,0,0,5,1,450,4,500,10,2,370,1,6,0,4,42.652,60.259,25.702
9.22,0.046,20,0,0,0,6.99,-3.755,80,0,0,5,1,450,4,500,10,2,390,1,6,0,4,58.781,84,49.376
9.22,0.046,20,0,0,0,6.99,-3.755,80,0,0,5,1,450,4,500,10,2,410,1,6,0,4,65.591,85.2,55.884
9.22,0.046,20,0,0,0,6.99,-3.755,80,0,0,5,1,450,4,500,10,2,430,1,6,0,4,68.1,86.667,59.02
9.22,0.046,20,0,0,0,6.99,-3.755,80,0,0,5,1,450,4,500,10,2,450,1,6,0,4,70.251,84.667,59.479
9.22,0.046,20,0,0,0,6.99,-3.755,80,0,0,4,3,450,4,500,10,2,230,1,6,0,4,32.258,67.867,21.893
9.22,0.046,20,0,0,0,6.99,-3.755,80,0,0,4,3,450,4,500,10,2,240,1,6,0,4,58.065,73.514,42.686
9.22,0.046,20,0,0,0,6.99,-3.755,80,0,0,4,3,450,4,500,10,2,250,1,6,0,4,82.437,94.533,77.93
9.22,0.046,20,0,0,0,6.99,-3.755,80,0,0,4,3,450,4,500,10,2,270,1,6,0,4,83.871,93.467,78.392
9.22,0.046,20,0,0,0,6.99,-3.755,80,0,0,4,3,450,4,500,10,2,290,1,6,0,4,85.663,92.933,79.609
9.22,0.046,20,0,0,0,6.99,-3.755,80,0,0,4,3,450,4,500,10,2,310,1,6,0,4,87.814,89.733,78.798
9.22,0.046,20,0,0,0,6.99,-3.755,80,0,0,4,3,450,4,500,10,2,330,1,6,0,4,89.606,90,80.645
9.22,0.046,20,0,0,0,6.99,-3.755,80,0,0,4,3,450,4,500,10,2,350,1,6,0,4,89.606,87.467,78.376
9.22,0.046,20,0,0,0,6.99,-3.755,80,0,0,4,3,450,4,500,10,2,370,1,6,0,4,88.53,87.333,77.316
9.22,0.046,20,0,0,0,6.99,-3.755,80,0,0,4,3,450,4,500,10,2,390,1,6,0,4,87.455,86.4,75.561
9.22,0.046,20,0,0,0,6.99,-3.755,80,0,0,4,3,450,4,500,10,2,410,1,6,0,4,84.588,86.4,73.084
9.22,0.046,20,0,0,0,6.99,-3.755,80,0,0,4,3,450,4,500,10,2,430,1,6,0,4,82.437,87.2,71.885
9.22,0.046,20,0,0,0,6.99,-3.755,80,0,0,4,3,450,4,500,10,2,450,1,6,0,4,79.57,86.667,68.961
9.22,0.046,20,0,0,0,3.63,-2.995,80,0,0,4,3,450,4,500,10,2,290,1,6,0,4,41.577,66,27.441
9.22,0.046,20,0,0,0,3.63,-2.995,80,0,0,4,3,450,4,500,10,2,310,1,6,0,4,60.215,77.428,46.623
9.22,0.046,20,0,0,0,3.63,-2.995,80,0,0,4,3,450,4,500,10,2,330,1,6,0,4,77.419,86.533,66.993
9.22,0.046,20,0,0,0,3.63,-2.995,80,0,0,4,3,450,4,500,10,2,350,1,6,0,4,82.437,86.033,70.923
9.22,0.046,20,0,0,0,3.63,-2.995,80,0,0,4,3,450,4,500,10,2,370,1,6,0,4,85.663,84.4,72.3
9.22,0.046,20,0,0,0,3.63,-2.995,80,0,0,4,3,450,4,500,10,2,390,1,6,0,4,83.154,89.733,74.617
9.22,0.046,20,0,0,0,3.63,-2.995,80,0,0,4,3,450,4,500,10,2,410,1,6,0,4,81.004,89.6,72.58
9.22,0.046,20,0,0,0,3.63,-2.995,80,0,0,4,3,450,4,500,10,2,430,1,6,0,4,81.72,84.267,68.863
9.22,0.046,20,0,0,0,3.63,-2.995,80,0,0,4,3,450,4,500,10,2,450,1,6,0,4,79.57,84.933,67.581
9.22,0.046,20,0,0,0,3.87,-3.352,80,0,0,4,3,450,4,500,10,2,310,1,6,0,4,34.767,70.667,24.569
9.22,0.046,20,0,0,0,3.87,-3.352,80,0,0,4,3,450,4,500,10,2,330,1,6,0,4,51.613,80.667,41.635
9.22,0.046,20,0,0,0,3.87,-3.352,80,0,0,4,3,450,4,500,10,2,350,1,6,0,4,65.233,87.333,56.97
9.22,0.046,20,0,0,0,3.87,-3.352,80,0,0,4,3,450,4,500,10,2,370,1,6,0,4,73.835,87.2,64.384
9.22,0.046,20,0,0,0,3.87,-3.352,80,0,0,4,3,450,4,500,10,2,390,1,6,0,4,78.136,89.571,69.987
9.22,0.046,20,0,0,0,3.87,-3.352,80,0,0,4,3,450,4,500,10,2,410,1,6,0,4,79.928,88.153,70.459
9.22,0.046,20,0,0,0,3.87,-3.352,80,0,0,4,3,450,4,500,10,2,430,1,6,0,4,79.928,87.067,69.591
9.22,0.046,20,0,0,0,3.87,-3.352,80,0,0,4,3,450,4,500,10,2,450,1,6,0,4,77.778,86.667,67.408
9.22,0.046,20,0,0,0,6.04,-3.755,80,0,0,4,3,450,4,500,10,2,250,1,6,0,4,26.165,67.467,17.653
9.22,0.046,20,0,0,0,6.04,-3.755,80,0,0,4,3,450,4,500,10,2,270,1,6,0,4,50.179,79.333,39.809
9.22,0.046,20,0,0,0,6.04,-3.755,80,0,0,4,3,450,4,500,10,2,290,1,6,0,4,73.835,88.133,65.073
9.22,0.046,20,0,0,0,6.04,-3.755,80,0,0,4,3,450,4,500,10,2,310,1,6,0,4,83.154,86.533,71.956
9.22,0.046,20,0,0,0,6.04,-3.755,80,0,0,4,3,450,4,500,10,2,330,1,6,0,4,86.022,88.667,76.273
9.22,0.046,20,0,0,0,6.04,-3.755,80,0,0,4,3,450,4,500,10,2,350,1,6,0,4,86.738,88.8,77.023
9.22,0.046,20,0,0,0,6.04,-3.755,80,0,0,4,3,450,4,500,10,2,370,1,6,0,4,87.097,86.667,75.484
9.22,0.046,20,0,0,0,6.04,-3.755,80,0,0,4,3,450,4,500,10,2,390,1,6,0,4,85.663,86.4,74.013
